id,name,model_id:id,group_id:id,perm_read,perm_write,perm_create,perm_unlink
access_customer_customer,customer.customer,model_solvitask_customer,group_solvitask_customer,1,1,0,0
access_customer_plumber,customer.plumber,model_solvitask_customer,group_solvitask_plumber,1,0,0,0
access_customer_manager,customer.manager,model_solvitask_customer,group_solvitask_manager,1,1,1,1
access_plumber_customer,plumber.customer,model_solvitask_plumber,group_solvitask_customer,1,0,0,0
access_plumber_plumber,plumber.plumber,model_solvitask_plumber,group_solvitask_plumber,1,1,0,0
access_plumber_manager,plumber.manager,model_solvitask_plumber,group_solvitask_manager,1,1,1,1
access_slot_plumber,slot.plumber,model_solvitask_plumber_slot,group_solvitask_plumber,1,1,1,1
access_slot_manager,slot.manager,model_solvitask_plumber_slot,group_solvitask_manager,1,1,1,1
access_service_customer,service.customer,model_solvitask_service,group_solvitask_customer,1,0,0,0
access_service_plumber,service.plumber,model_solvitask_service,group_solvitask_plumber,1,0,0,0
access_service_manager,service.manager,model_solvitask_service,group_solvitask_manager,1,1,1,1
access_tool_plumber,tool.plumber,model_solvitask_tool,group_solvitask_plumber,1,0,0,0
access_tool_manager,tool.manager,model_solvitask_tool,group_solvitask_manager,1,1,1,1
access_material_plumber,material.plumber,model_solvitask_material,group_solvitask_plumber,1,0,0,0
access_material_manager,material.manager,model_solvitask_material,group_solvitask_manager,1,1,1,1
access_job_customer,job.customer,model_solvitask_job,group_solvitask_customer,1,1,1,0
access_job_plumber,job.plumber,model_solvitask_job,group_solvitask_plumber,1,1,0,0
access_job_manager,job.manager,model_solvitask_job,group_solvitask_manager,1,1,1,1
access_job_material_customer,job.material.customer,model_solvitask_job_material,group_solvitask_customer,1,0,0,0
access_job_material_plumber,job.material.plumber,model_solvitask_job_material,group_solvitask_plumber,1,1,1,1
access_job_material_manager,job.material.manager,model_solvitask_job_material,group_solvitask_manager,1,1,1,1
access_requests_customer,requests.customer,model_solvitask_requests,group_solvitask_customer,1,1,1,0
access_requests_plumber,requests.plumber,model_solvitask_requests,group_solvitask_plumber,1,1,1,0
access_requests_manager,requests.manager,model_solvitask_requests,group_solvitask_manager,1,1,1,1
